{
    "ShowsOneYear": [
        {
            "showId": "a21b9f93-5468-4db4-93ed-22c53d590951",
            "showDate": "1970-01-02T00:00:00",
            "dayName": "Friday",
            "lengthSeconds": "6794",
            "venueId": "7870c5c4-ab10-48d5-92ce-3313dc98f925",
            "venue": "Fillmore East",
            "city": "New York",
            "state": "NY",
            "country": "US"
        },
        {
            "showId": "86a56016-5451-4cfc-a3e2-60a64b858781",
            "showDate": "1970-01-02T00:00:00",
            "dayName": "Friday",
            "lengthSeconds": "3547",
            "venueId": "7870c5c4-ab10-48d5-92ce-3313dc98f925",
            "venue": "Fillmore East",
            "city": "New York",
            "state": "NY",
            "country": "US"
        },
        {
            "showId": "84ae0914-1812-4a88-a423-12f0e1d78ed7",
            "showDate": "1970-01-03T00:00:00",
            "dayName": "Saturday",
            "lengthSeconds": "3413",
            "venueId": "7870c5c4-ab10-48d5-92ce-3313dc98f925",
            "venue": "Fillmore East",
            "city": "New York",
            "state": "NY",
            "country": "US"
        },
        {
            "showId": "23c90e14-a7f8-46ee-a1bc-7402f3280392",
            "showDate": "1970-01-10T00:00:00",
            "dayName": "Saturday",
            "lengthSeconds": "5095",
            "venueId": "f8268e9d-8606-417d-9c3f-688e1d065715",
            "venue": "Golden Hall",
            "city": "San Diego",
            "state": "CA",
            "country": "US"
        },
        {
            "showId": "ea230e59-ab06-4398-82a2-67615ca6429a",
            "showDate": "1970-01-16T00:00:00",
            "dayName": "Friday",
            "lengthSeconds": "8247",
            "venueId": "c63e4f55-4cba-42d3-ad81-d9e717d46802",
            "venue": "Springer's Inn",
            "city": "Portland",
            "state": "OR",
            "country": "US"
        },
        {
            "showId": "f168dee4-8aae-47c6-86fe-4b52b732825a",
            "showDate": "1970-01-17T00:00:00",
            "dayName": "Saturday",
            "lengthSeconds": "6684",
            "venueId": "918187cb-e118-4899-8899-d3b7fc99b7c8",
            "venue": "Oregon State University",
            "city": "Corvallis",
            "state": "OR",
            "country": "US"
        },
        {
            "showId": "58c4d4f5-1bc5-4529-95a9-529eb9007257",
            "showDate": "1970-01-18T00:00:00",
            "dayName": "Sunday",
            "lengthSeconds": "",
            "venueId": "c63e4f55-4cba-42d3-ad81-d9e717d46802",
            "venue": "Springer's Inn",
            "city": "Portland",
            "state": "OR",
            "country": "US"
        },
        {
            "showId": "d935f7bd-a32c-4d1d-995c-9222f3983971",
            "showDate": "1970-01-22T00:00:00",
            "dayName": "Thursday",
            "lengthSeconds": "",
            "venueId": "697a59f3-c7bd-4d64-93cd-05a795656419",
            "venue": "Honolulu Civic Auditorium",
            "city": "Honolulu",
            "state": "HI",
            "country": "US"
        },
        {
            "showId": "5bacf0d4-27a4-46b6-b2b1-31bbe828c66b",
            "showDate": "1970-01-23T00:00:00",
            "dayName": "Friday",
            "lengthSeconds": "8604",
            "venueId": "697a59f3-c7bd-4d64-93cd-05a795656419",
            "venue": "Honolulu Civic Auditorium",
            "city": "Honolulu",
            "state": "HI",
            "country": "US"
        },
        {
            "showId": "90f93e8c-ff3f-4386-be30-7db7030eb6fc",
            "showDate": "1970-01-24T00:00:00",
            "dayName": "Saturday",
            "lengthSeconds": "2777",
            "venueId": "697a59f3-c7bd-4d64-93cd-05a795656419",
            "venue": "Honolulu Civic Auditorium",
            "city": "Honolulu",
            "state": "HI",
            "country": "US"
        },
        {
            "showId": "61296490-964a-4857-b53f-c99aef2f87d5",
            "showDate": "1970-01-30T00:00:00",
            "dayName": "Friday",
            "lengthSeconds": "5001",
            "venueId": "6bcb42d5-6975-4fe6-ac51-a06c20669790",
            "venue": "The Warehouse",
            "city": "New Orleans",
            "state": "LA",
            "country": "US"
        },
        {
            "showId": "f464512d-f12c-4a70-a3ca-efb0bee3665d",
            "showDate": "1970-01-31T00:00:00",
            "dayName": "Saturday",
            "lengthSeconds": "5115",
            "venueId": "6bcb42d5-6975-4fe6-ac51-a06c20669790",
            "venue": "The Warehouse",
            "city": "New Orleans",
            "state": "LA",
            "country": "US"
        },
        {
            "showId": "15c0bf5d-ad4e-42a1-b468-8b669a1a88bf",
            "showDate": "1970-02-01T00:00:00",
            "dayName": "Sunday",
            "lengthSeconds": "7711",
            "venueId": "6bcb42d5-6975-4fe6-ac51-a06c20669790",
            "venue": "The Warehouse",
            "city": "New Orleans",
            "state": "LA",
            "country": "US"
        },
        {
            "showId": "b78e08e0-f5b2-4ee8-89e4-603e1e7b12ef",
            "showDate": "1970-02-02T00:00:00",
            "dayName": "Monday",
            "lengthSeconds": "1880",
            "venueId": "ce76e052-1154-4441-a121-e093cc222f96",
            "venue": "Fox Theatre",
            "city": "St. Louis",
            "state": "MO",
            "country": "US"
        },
        {
            "showId": "5b39a5d5-23d2-47dd-88b6-6f33a7507a92",
            "showDate": "1970-02-04T00:00:00",
            "dayName": "Wednesday",
            "lengthSeconds": "988",
            "venueId": "87b0ae60-d048-4edd-bcc9-b9d969bc70bf",
            "venue": "Family Dog at the Great Highway",
            "city": "San Francisco",
            "state": "CA",
            "country": "US"
        },
        {
            "showId": "bdb9d210-14e3-4595-b60d-c8f94634c8da",
            "showDate": "1970-02-05T00:00:00",
            "dayName": "Thursday",
            "lengthSeconds": "3243",
            "venueId": "fd6050d9-e9d6-413c-b1c3-7331b07a0efb",
            "venue": "Fillmore West",
            "city": "San Francisco",
            "state": "CA",
            "country": "US"
        },
        {
            "showId": "aa13fdfd-c03c-4279-8b00-e70f4e90ed5e",
            "showDate": "1970-02-06T00:00:00",
            "dayName": "Friday",
            "lengthSeconds": "6869",
            "venueId": "fd6050d9-e9d6-413c-b1c3-7331b07a0efb",
            "venue": "Fillmore West",
            "city": "San Francisco",
            "state": "CA",
            "country": "US"
        },
        {
            "showId": "f97fddd5-192a-4ca0-a5dd-ca6613b2d1c3",
            "showDate": "1970-02-07T00:00:00",
            "dayName": "Saturday",
            "lengthSeconds": "4019",
            "venueId": "fd6050d9-e9d6-413c-b1c3-7331b07a0efb",
            "venue": "Fillmore West",
            "city": "San Francisco",
            "state": "CA",
            "country": "US"
        },
        {
            "showId": "55af2855-8cc5-474d-9978-e64f857255a6",
            "showDate": "1970-02-08T00:00:00",
            "dayName": "Sunday",
            "lengthSeconds": "7708",
            "venueId": "fd6050d9-e9d6-413c-b1c3-7331b07a0efb",
            "venue": "Fillmore West",
            "city": "San Francisco",
            "state": "CA",
            "country": "US"
        },
        {
            "showId": "59904869-82b4-4ea4-b7ee-035e566f9b79",
            "showDate": "1970-02-11T00:00:00",
            "dayName": "Wednesday",
            "lengthSeconds": "1767",
            "venueId": "7870c5c4-ab10-48d5-92ce-3313dc98f925",
            "venue": "Fillmore East",
            "city": "New York",
            "state": "NY",
            "country": "US"
        },
        {
            "showId": "fe19350f-8b53-482b-9a0a-078a4169f339",
            "showDate": "1970-02-11T00:00:00",
            "dayName": "Wednesday",
            "lengthSeconds": "6060",
            "venueId": "7870c5c4-ab10-48d5-92ce-3313dc98f925",
            "venue": "Fillmore East",
            "city": "New York",
            "state": "NY",
            "country": "US"
        },
        {
            "showId": "a5639dd6-e1d7-4f89-a592-3f2b1967964a",
            "showDate": "1970-02-12T00:00:00",
            "dayName": "Thursday",
            "lengthSeconds": "3578",
            "venueId": "1acbca30-d77b-4592-96a1-82f2ab95f242",
            "venue": "Ungano's Night Club",
            "city": "New York",
            "state": "NY",
            "country": "US"
        },
        {
            "showId": "d02f61d1-ba24-4211-8735-d61c63847b9d",
            "showDate": "1970-02-13T00:00:00",
            "dayName": "Friday",
            "lengthSeconds": "3646",
            "venueId": "7870c5c4-ab10-48d5-92ce-3313dc98f925",
            "venue": "Fillmore East",
            "city": "New York",
            "state": "NY",
            "country": "US"
        },
        {
            "showId": "f38d26d7-8f81-48de-9443-c473dc6fc00c",
            "showDate": "1970-02-13T00:00:00",
            "dayName": "Friday",
            "lengthSeconds": "8490",
            "venueId": "7870c5c4-ab10-48d5-92ce-3313dc98f925",
            "venue": "Fillmore East",
            "city": "New York",
            "state": "NY",
            "country": "US"
        },
        {
            "showId": "62fbbf90-b9dd-4631-a2bd-f660535cec2e",
            "showDate": "1970-02-14T00:00:00",
            "dayName": "Saturday",
            "lengthSeconds": "4303",
            "venueId": "7870c5c4-ab10-48d5-92ce-3313dc98f925",
            "venue": "Fillmore East",
            "city": "New York",
            "state": "NY",
            "country": "US"
        },
        {
            "showId": "2f107f60-cd1b-4ee4-838f-5405494e7007",
            "showDate": "1970-02-14T00:00:00",
            "dayName": "Saturday",
            "lengthSeconds": "7933",
            "venueId": "7870c5c4-ab10-48d5-92ce-3313dc98f925",
            "venue": "Fillmore East",
            "city": "New York",
            "state": "NY",
            "country": "US"
        },
        {
            "showId": "989e35f7-feea-444e-b0d6-d03448d41e75",
            "showDate": "1970-02-20T00:00:00",
            "dayName": "Friday",
            "lengthSeconds": "",
            "venueId": "a1301edc-61dd-4e45-9062-df5344ce10b8",
            "venue": "Panther Hall",
            "city": "Fort Worth",
            "state": "TX",
            "country": "US"
        },
        {
            "showId": "bdecd703-646d-40ac-9572-6aa8a107d770",
            "showDate": "1970-02-21T00:00:00",
            "dayName": "Saturday",
            "lengthSeconds": "",
            "venueId": "c450c1a9-5518-45d0-96aa-955fd7cadbf2",
            "venue": "San Antonio Civic Center Arena",
            "city": "San Antonio",
            "state": "TX",
            "country": "US"
        },
        {
            "showId": "553eccdb-7fc2-4219-b779-2343b84ad47d",
            "showDate": "1970-02-22T00:00:00",
            "dayName": "Sunday",
            "lengthSeconds": "",
            "venueId": "2385fb59-6eaf-4d30-9fa2-241f80e3a697",
            "venue": "Sam Houston Coliseum",
            "city": "Houston",
            "state": "TX",
            "country": "US"
        },
        {
            "showId": "ecebccc5-408d-4319-ba37-dfdd8e17c02f",
            "showDate": "1970-02-23T00:00:00",
            "dayName": "Monday",
            "lengthSeconds": "4048",
            "venueId": "78e0eea0-9631-49b5-bebd-99cd69fb6a9c",
            "venue": "The Auditorium",
            "city": "Austin",
            "state": "TX",
            "country": "US"
        },
        {
            "showId": "4af11c48-d9ec-4898-853c-e973b5ae70f2",
            "showDate": "1970-02-27T00:00:00",
            "dayName": "Friday",
            "lengthSeconds": "7748",
            "venueId": "87b0ae60-d048-4edd-bcc9-b9d969bc70bf",
            "venue": "Family Dog at the Great Highway",
            "city": "San Francisco",
            "state": "CA",
            "country": "US"
        },
        {
            "showId": "d27ed27e-16d6-4a21-92c5-097b7f7c6de2",
            "showDate": "1970-02-28T00:00:00",
            "dayName": "Saturday",
            "lengthSeconds": "8487",
            "venueId": "87b0ae60-d048-4edd-bcc9-b9d969bc70bf",
            "venue": "Family Dog at the Great Highway",
            "city": "San Francisco",
            "state": "CA",
            "country": "US"
        },
        {
            "showId": "3ede1651-4859-4c26-80fe-95b0cac556ba",
            "showDate": "1970-03-01T00:00:00",
            "dayName": "Sunday",
            "lengthSeconds": "8066",
            "venueId": "87b0ae60-d048-4edd-bcc9-b9d969bc70bf",
            "venue": "Family Dog at the Great Highway",
            "city": "San Francisco",
            "state": "CA",
            "country": "US"
        },
        {
            "showId": "27fa8fcd-7efa-4b79-826c-11c2383af3f1",
            "showDate": "1970-03-07T00:00:00",
            "dayName": "Saturday",
            "lengthSeconds": "4521",
            "venueId": "4853420e-caed-448f-9f7b-4c7360f6b9c4",
            "venue": "Santa Monica Civic Auditorium",
            "city": "Santa Monica",
            "state": "CA",
            "country": "US"
        },
        {
            "showId": "35805d7c-757f-45f6-8f6d-36ff7e9d1584",
            "showDate": "1970-03-08T00:00:00",
            "dayName": "Sunday",
            "lengthSeconds": "4912",
            "venueId": "93f0054f-8805-4ebe-9092-ea3b6380adb0",
            "venue": "Star Theatre",
            "city": "Phoenix",
            "state": "AZ",
            "country": "US"
        },
        {
            "showId": "722fcdf2-47a6-4683-8baa-aff34442739d",
            "showDate": "1970-03-17T00:00:00",
            "dayName": "Tuesday",
            "lengthSeconds": "",
            "venueId": "2e4a8bad-588d-44ed-bc66-90894be07fb9",
            "venue": "Kleinhans Music Hall",
            "city": "Buffalo",
            "state": "NY",
            "country": "US"
        },
        {
            "showId": "67b9f4a2-902e-4530-a6f1-a7249b2d3388",
            "showDate": "1970-03-20T00:00:00",
            "dayName": "Friday",
            "lengthSeconds": "",
            "venueId": "ffb54216-80c8-48ec-9d96-0c48b033eaa9",
            "venue": "Capitol Theater",
            "city": "Port Chester",
            "state": "NY",
            "country": "US"
        },
        {
            "showId": "a9129387-e5a8-4102-b062-35d0cf2ca578",
            "showDate": "1970-03-20T00:00:00",
            "dayName": "Friday",
            "lengthSeconds": "6799",
            "venueId": "ffb54216-80c8-48ec-9d96-0c48b033eaa9",
            "venue": "Capitol Theater",
            "city": "Port Chester",
            "state": "NY",
            "country": "US"
        },
        {
            "showId": "cbb2448b-602f-4737-8192-3adf9ffe7f7b",
            "showDate": "1970-03-21T00:00:00",
            "dayName": "Saturday",
            "lengthSeconds": "3757",
            "venueId": "ffb54216-80c8-48ec-9d96-0c48b033eaa9",
            "venue": "Capitol Theater",
            "city": "Port Chester",
            "state": "NY",
            "country": "US"
        },
        {
            "showId": "3e2feff4-63c3-4ab3-8cd8-d0f7ad980ec7",
            "showDate": "1970-03-21T00:00:00",
            "dayName": "Saturday",
            "lengthSeconds": "6535",
            "venueId": "ffb54216-80c8-48ec-9d96-0c48b033eaa9",
            "venue": "Capitol Theater",
            "city": "Port Chester",
            "state": "NY",
            "country": "US"
        },
        {
            "showId": "7151f2d1-d33e-45f1-84bd-b2a1a7a070af",
            "showDate": "1970-03-24T00:00:00",
            "dayName": "Tuesday",
            "lengthSeconds": "5020",
            "venueId": "c5a57050-f429-4ee3-9588-7d77500eb624",
            "venue": "Pirates World",
            "city": "Dania",
            "state": "FL",
            "country": "US"
        },
        {
            "showId": "4b0e718c-7fdc-461e-8407-4d79939030ad",
            "showDate": "1970-04-03T00:00:00",
            "dayName": "Friday",
            "lengthSeconds": "7687",
            "venueId": "8561ca09-215b-43dc-9710-fc304fe54985",
            "venue": "Field House",
            "city": "Cincinnati",
            "state": "OH",
            "country": "US"
        },
        {
            "showId": "78429dfc-178f-4e53-9221-1d8812080573",
            "showDate": "1970-04-04T00:00:00",
            "dayName": "Saturday",
            "lengthSeconds": "",
            "venueId": "8561ca09-215b-43dc-9710-fc304fe54985",
            "venue": "Field House",
            "city": "Cincinnati",
            "state": "OH",
            "country": "US"
        },
        {
            "showId": "e451338a-1a10-4536-9b7f-38afaee95113",
            "showDate": "1970-04-09T00:00:00",
            "dayName": "Thursday",
            "lengthSeconds": "6930",
            "venueId": "fd6050d9-e9d6-413c-b1c3-7331b07a0efb",
            "venue": "Fillmore West",
            "city": "San Francisco",
            "state": "CA",
            "country": "US"
        },
        {
            "showId": "52659fcd-341f-414b-a67b-b35385ef440b",
            "showDate": "1970-04-10T00:00:00",
            "dayName": "Friday",
            "lengthSeconds": "",
            "venueId": "fd6050d9-e9d6-413c-b1c3-7331b07a0efb",
            "venue": "Fillmore West",
            "city": "San Francisco",
            "state": "CA",
            "country": "US"
        },
        {
            "showId": "a8c305da-bc07-4689-96e9-738c9ccedd15",
            "showDate": "1970-04-11T00:00:00",
            "dayName": "Saturday",
            "lengthSeconds": "1876",
            "venueId": "fd6050d9-e9d6-413c-b1c3-7331b07a0efb",
            "venue": "Fillmore West",
            "city": "San Francisco",
            "state": "CA",
            "country": "US"
        },
        {
            "showId": "0c266379-b59f-41c9-8efc-f9fcab470be2",
            "showDate": "1970-04-12T00:00:00",
            "dayName": "Sunday",
            "lengthSeconds": "9818",
            "venueId": "fd6050d9-e9d6-413c-b1c3-7331b07a0efb",
            "venue": "Fillmore West",
            "city": "San Francisco",
            "state": "CA",
            "country": "US"
        },
        {
            "showId": "2da622a0-553f-4e8b-8c3f-f264163dec4f",
            "showDate": "1970-04-15T00:00:00",
            "dayName": "Wednesday",
            "lengthSeconds": "6100",
            "venueId": "6b378742-856e-4271-badc-c1b7527b0421",
            "venue": "Winterland Arena",
            "city": "San Francisco",
            "state": "CA",
            "country": "US"
        },
        {
            "showId": "9fd6a3bc-54ac-4f91-8e8a-3e45572824f0",
            "showDate": "1970-04-17T00:00:00",
            "dayName": "Friday",
            "lengthSeconds": "",
            "venueId": "87b0ae60-d048-4edd-bcc9-b9d969bc70bf",
            "venue": "Family Dog at the Great Highway",
            "city": "San Francisco",
            "state": "CA",
            "country": "US"
        },
        {
            "showId": "72911b4f-14af-4c13-8f94-33a09fd7f04a",
            "showDate": "1970-04-18T00:00:00",
            "dayName": "Saturday",
            "lengthSeconds": "",
            "venueId": "87b0ae60-d048-4edd-bcc9-b9d969bc70bf",
            "venue": "Family Dog at the Great Highway",
            "city": "San Francisco",
            "state": "CA",
            "country": "US"
        },
        {
            "showId": "0a939bc6-5923-4c97-b172-7e2d62806fff",
            "showDate": "1970-04-19T00:00:00",
            "dayName": "Sunday",
            "lengthSeconds": "",
            "venueId": "87b0ae60-d048-4edd-bcc9-b9d969bc70bf",
            "venue": "Family Dog at the Great Highway",
            "city": "San Francisco",
            "state": "CA",
            "country": "US"
        },
        {
            "showId": "9837d8d0-1305-4fd6-b87a-b9da334efa10",
            "showDate": "1970-04-24T00:00:00",
            "dayName": "Friday",
            "lengthSeconds": "5572",
            "venueId": "898577d3-5b70-4fef-8707-0fecaebc309c",
            "venue": "Mammoth Gardens",
            "city": "Denver",
            "state": "CO",
            "country": "US"
        },
        {
            "showId": "5f9858b8-32a6-4b54-8e64-e49ca0a8dfc8",
            "showDate": "1970-04-25T00:00:00",
            "dayName": "Saturday",
            "lengthSeconds": "",
            "venueId": "898577d3-5b70-4fef-8707-0fecaebc309c",
            "venue": "Mammoth Gardens",
            "city": "Denver",
            "state": "CO",
            "country": "US"
        },
        {
            "showId": "613563e9-f67c-40de-80ff-681c1fb266ca",
            "showDate": "1970-04-26T00:00:00",
            "dayName": "Sunday",
            "lengthSeconds": "",
            "venueId": "87e16ce4-31dc-40bb-8414-8e924103419d",
            "venue": "York Farm",
            "city": "Poynette",
            "state": "WI",
            "country": "US"
        },
        {
            "showId": "4d893edd-bdff-40b1-9cd9-14d211f9f3dd",
            "showDate": "1970-05-01T00:00:00",
            "dayName": "Friday",
            "lengthSeconds": "5396",
            "venueId": "579ec82e-8d52-4f6f-90f5-ac2d59fdb54c",
            "venue": "Alfred College",
            "city": "Alfred",
            "state": "NY",
            "country": "US"
        },
        {
            "showId": "ee80c1fc-a816-434c-ae12-02178ea7130f",
            "showDate": "1970-05-02T00:00:00",
            "dayName": "Saturday",
            "lengthSeconds": "12297",
            "venueId": "037edefc-d7af-42f9-8bcf-ae38c2d270fd",
            "venue": "Harpur College",
            "city": "Binghamton",
            "state": "NY",
            "country": "US"
        },
        {
            "showId": "c7fc2826-efaa-41aa-9dfb-007dae825aeb",
            "showDate": "1970-05-03T00:00:00",
            "dayName": "Sunday",
            "lengthSeconds": "9991",
            "venueId": "d9ee8ee9-d1e4-4ec5-902b-d7ae7398fef5",
            "venue": "Field House",
            "city": "Middletown",
            "state": "CT",
            "country": "US"
        },
        {
            "showId": "58955849-354d-4a00-8f7d-5937aab5e094",
            "showDate": "1970-05-06T00:00:00",
            "dayName": "Wednesday",
            "lengthSeconds": "8085",
            "venueId": "9a7f0946-fb0a-4276-ae9e-3475baa585be",
            "venue": "Kresge Plaza",
            "city": "Cambridge",
            "state": "MA",
            "country": "US"
        },
        {
            "showId": "9310d942-1ada-47ca-b66e-e37b5671389a",
            "showDate": "1970-05-07T00:00:00",
            "dayName": "Thursday",
            "lengthSeconds": "11342",
            "venueId": "eaac2619-e5b8-49ef-90db-e9cb84d66230",
            "venue": "Dupont Gymnasium",
            "city": "Cambridge",
            "state": "MA",
            "country": "US"
        },
        {
            "showId": "8fc8e961-98d3-4455-a462-e59a75264f47",
            "showDate": "1970-05-08T00:00:00",
            "dayName": "Friday",
            "lengthSeconds": "3132",
            "venueId": "5e566c58-e804-4865-95da-dafc2415a67c",
            "venue": "Farrell Hall",
            "city": "Delhi",
            "state": "NY",
            "country": "US"
        },
        {
            "showId": "3dd57f0c-136c-4cde-ae3a-5a43a0491af6",
            "showDate": "1970-05-09T00:00:00",
            "dayName": "Saturday",
            "lengthSeconds": "859",
            "venueId": "9986c6a5-6743-4e80-a986-45aa218c94f7",
            "venue": "Worcester Polytechnic Institute",
            "city": "Worcester",
            "state": "MA",
            "country": "US"
        },
        {
            "showId": "5c40b2c4-8400-4830-b21f-9c7755ffea63",
            "showDate": "1970-05-10T00:00:00",
            "dayName": "Sunday",
            "lengthSeconds": "",
            "venueId": "e75382e6-aab3-4cc3-8222-e1d245b8f3a7",
            "venue": "Atlanta Sports Arena",
            "city": "Atlanta",
            "state": "GA",
            "country": "US"
        },
        {
            "showId": "027f620f-b380-44f2-9df1-8760dd80c64f",
            "showDate": "1970-05-14T00:00:00",
            "dayName": "Thursday",
            "lengthSeconds": "7296",
            "venueId": "d6b40584-9e40-42bd-b78f-57646b6e91b8",
            "venue": "Meramec Community College",
            "city": "Kirkwood",
            "state": "MO",
            "country": "US"
        },
        {
            "showId": "9cd8fcdf-42e6-4e96-bda4-15ff923b2d0a",
            "showDate": "1970-05-15T00:00:00",
            "dayName": "Friday",
            "lengthSeconds": "11774",
            "venueId": "7870c5c4-ab10-48d5-92ce-3313dc98f925",
            "venue": "Fillmore East",
            "city": "New York",
            "state": "NY",
            "country": "US"
        },
        {
            "showId": "83f6e724-de42-4704-8685-f2347110bdc2",
            "showDate": "1970-05-15T00:00:00",
            "dayName": "Friday",
            "lengthSeconds": "7010",
            "venueId": "7870c5c4-ab10-48d5-92ce-3313dc98f925",
            "venue": "Fillmore East",
            "city": "New York",
            "state": "NY",
            "country": "US"
        },
        {
            "showId": "bbdcc3e5-b5bb-47c7-8405-910929fc216a",
            "showDate": "1970-05-16T00:00:00",
            "dayName": "Saturday",
            "lengthSeconds": "1649",
            "venueId": "ca248bcf-254c-42ee-9e39-60e48129341c",
            "venue": "Temple University",
            "city": "Philadelphia",
            "state": "PA",
            "country": "US"
        },
        {
            "showId": "f9ebf5e4-c62e-47b6-8044-b8ee57374a1a",
            "showDate": "1970-05-17T00:00:00",
            "dayName": "Sunday",
            "lengthSeconds": "",
            "venueId": "42a9e28d-cd90-4d07-a922-4270503f451a",
            "venue": "Fairfield University",
            "city": "Fairfield",
            "state": "CT",
            "country": "US"
        },
        {
            "showId": "1c9df602-4348-4f9d-8541-856881e19c5f",
            "showDate": "1970-05-24T00:00:00",
            "dayName": "Sunday",
            "lengthSeconds": "7611",
            "venueId": "17b315aa-b4cb-4124-a49e-3f0b10e0731c",
            "venue": "Newcastle",
            "city": "Newcastle-Under-Lyme",
            "state": "",
            "country": "UK"
        },
        {
            "showId": "f153a0a3-bad9-4639-8645-2376f8ae0015",
            "showDate": "1970-05-25T00:00:00",
            "dayName": "Monday",
            "lengthSeconds": "",
            "venueId": "1bdf3202-787c-43a7-a282-a5c8d35882f6",
            "venue": "The Strand Lyceum",
            "city": "London",
            "state": "",
            "country": "UK"
        },
        {
            "showId": "9db4dc51-a0fb-4245-bcc7-d1f2e1db46cc",
            "showDate": "1970-06-04T00:00:00",
            "dayName": "Thursday",
            "lengthSeconds": "7293",
            "venueId": "fd6050d9-e9d6-413c-b1c3-7331b07a0efb",
            "venue": "Fillmore West",
            "city": "San Francisco",
            "state": "CA",
            "country": "US"
        },
        {
            "showId": "b4be951c-fe4c-4d9a-a488-4434bfc6f618",
            "showDate": "1970-06-05T00:00:00",
            "dayName": "Friday",
            "lengthSeconds": "8104",
            "venueId": "fd6050d9-e9d6-413c-b1c3-7331b07a0efb",
            "venue": "Fillmore West",
            "city": "San Francisco",
            "state": "CA",
            "country": "US"
        },
        {
            "showId": "eb72e706-e98f-493d-8936-973e946d752b",
            "showDate": "1970-06-06T00:00:00",
            "dayName": "Saturday",
            "lengthSeconds": "10599",
            "venueId": "fd6050d9-e9d6-413c-b1c3-7331b07a0efb",
            "venue": "Fillmore West",
            "city": "San Francisco",
            "state": "CA",
            "country": "US"
        },
        {
            "showId": "2461633f-fa3c-47a1-858a-62c65bedf93e",
            "showDate": "1970-06-07T00:00:00",
            "dayName": "Sunday",
            "lengthSeconds": "7559",
            "venueId": "fd6050d9-e9d6-413c-b1c3-7331b07a0efb",
            "venue": "Fillmore West",
            "city": "San Francisco",
            "state": "CA",
            "country": "US"
        },
        {
            "showId": "bea39f64-2a04-4227-b335-b632b0decbb4",
            "showDate": "1970-06-12T00:00:00",
            "dayName": "Friday",
            "lengthSeconds": "",
            "venueId": "697a59f3-c7bd-4d64-93cd-05a795656419",
            "venue": "Honolulu Civic Auditorium",
            "city": "Honolulu",
            "state": "HI",
            "country": "US"
        },
        {
            "showId": "0ec669fc-d85e-4481-a4d1-26a4facf6a78",
            "showDate": "1970-06-13T00:00:00",
            "dayName": "Saturday",
            "lengthSeconds": "7863",
            "venueId": "697a59f3-c7bd-4d64-93cd-05a795656419",
            "venue": "Honolulu Civic Auditorium",
            "city": "Honolulu",
            "state": "HI",
            "country": "US"
        },
        {
            "showId": "5927bbf8-0d36-4d4a-9904-556365b76600",
            "showDate": "1970-06-19T00:00:00",
            "dayName": "Friday",
            "lengthSeconds": "",
            "venueId": "b07077aa-29d7-49a9-b356-9a908f50bb4c",
            "venue": "Mid",
            "city": "Memphis",
            "state": "TN",
            "country": "US"
        },
        {
            "showId": "dc4d4293-95da-4541-b393-12a4683dbd57",
            "showDate": "1970-06-21T00:00:00",
            "dayName": "Sunday",
            "lengthSeconds": "3247",
            "venueId": "fb973b65-925e-476e-9f43-ab4f8f52b4d9",
            "venue": "Pauley Ballroom",
            "city": "Berkeley",
            "state": "CA",
            "country": "US"
        },
        {
            "showId": "ec4295c4-06fe-498d-8dea-08622aef3c71",
            "showDate": "1970-06-24T00:00:00",
            "dayName": "Wednesday",
            "lengthSeconds": "5587",
            "venueId": "ffb54216-80c8-48ec-9d96-0c48b033eaa9",
            "venue": "Capitol Theater",
            "city": "Port Chester",
            "state": "NY",
            "country": "US"
        },
        {
            "showId": "129aaba6-ca56-46e9-b0ec-79ef9aa00501",
            "showDate": "1970-06-24T00:00:00",
            "dayName": "Wednesday",
            "lengthSeconds": "5516",
            "venueId": "ffb54216-80c8-48ec-9d96-0c48b033eaa9",
            "venue": "Capitol Theater",
            "city": "Port Chester",
            "state": "NY",
            "country": "US"
        },
        {
            "showId": "af97978f-5c72-453f-ac07-a6fade882459",
            "showDate": "1970-06-27T00:00:00",
            "dayName": "Saturday",
            "lengthSeconds": "",
            "venueId": "a5625f2b-0e4b-4766-954a-d4a77a85aafc",
            "venue": "Coronation Park",
            "city": "Toronto",
            "state": "",
            "country": "CA"
        },
        {
            "showId": "b6b7af55-1d0c-4ce8-bc39-aeaf5661afe5",
            "showDate": "1970-06-27T00:00:00",
            "dayName": "Saturday",
            "lengthSeconds": "",
            "venueId": "e07664c5-6c3a-462f-9c31-b1cfb408714d",
            "venue": "Canadian National Exhibition Hall",
            "city": "Toronto",
            "state": "",
            "country": "CA"
        },
        {
            "showId": "c0bc223f-de10-430c-82d6-e4a19c17af94",
            "showDate": "1970-06-28T00:00:00",
            "dayName": "Sunday",
            "lengthSeconds": "",
            "venueId": "a5625f2b-0e4b-4766-954a-d4a77a85aafc",
            "venue": "Coronation Park",
            "city": "Toronto",
            "state": "",
            "country": "CA"
        },
        {
            "showId": "00fb0932-1040-4d02-8539-452b09489fa2",
            "showDate": "1970-07-01T00:00:00",
            "dayName": "Wednesday",
            "lengthSeconds": "1029",
            "venueId": "438e5a59-3de0-4946-866d-d7c01bda93bc",
            "venue": "Winnipeg Fairgrounds",
            "city": "Winnipeg",
            "state": "",
            "country": "CA"
        },
        {
            "showId": "69a033fc-b33f-4e3e-a403-738987482e4c",
            "showDate": "1970-07-03T00:00:00",
            "dayName": "Friday",
            "lengthSeconds": "",
            "venueId": "32de40bb-9dcd-4fb6-8294-fdb8f8efae08",
            "venue": "McMahon Stadium",
            "city": "Calgary",
            "state": "",
            "country": "CA"
        },
        {
            "showId": "585a942d-0a97-402e-9126-87b4b59e8582",
            "showDate": "1970-07-08T00:00:00",
            "dayName": "Wednesday",
            "lengthSeconds": "",
            "venueId": "e0911f50-df15-4ade-aa37-13b1abb7b1af",
            "venue": "Mississippi River Festival",
            "city": "Edwardsville",
            "state": "IL",
            "country": "US"
        },
        {
            "showId": "e053971b-bf33-4e6f-a495-d6040526aed4",
            "showDate": "1970-07-09T00:00:00",
            "dayName": "Thursday",
            "lengthSeconds": "",
            "venueId": "7870c5c4-ab10-48d5-92ce-3313dc98f925",
            "venue": "Fillmore East",
            "city": "New York",
            "state": "NY",
            "country": "US"
        },
        {
            "showId": "ffe7b6d7-bd8e-4b46-8b8b-3a55009fd419",
            "showDate": "1970-07-10T00:00:00",
            "dayName": "Friday",
            "lengthSeconds": "5665",
            "venueId": "7870c5c4-ab10-48d5-92ce-3313dc98f925",
            "venue": "Fillmore East",
            "city": "New York",
            "state": "NY",
            "country": "US"
        },
        {
            "showId": "b6814150-75af-499a-ba83-64c9d8b5061f",
            "showDate": "1970-07-11T00:00:00",
            "dayName": "Saturday",
            "lengthSeconds": "10554",
            "venueId": "7870c5c4-ab10-48d5-92ce-3313dc98f925",
            "venue": "Fillmore East",
            "city": "New York",
            "state": "NY",
            "country": "US"
        },
        {
            "showId": "91396c6c-125c-4ebf-9862-8bc6fde8c763",
            "showDate": "1970-07-12T00:00:00",
            "dayName": "Sunday",
            "lengthSeconds": "9123",
            "venueId": "7870c5c4-ab10-48d5-92ce-3313dc98f925",
            "venue": "Fillmore East",
            "city": "New York",
            "state": "NY",
            "country": "US"
        },
        {
            "showId": "9aeadafb-f366-4583-bb50-0d01164cc952",
            "showDate": "1970-07-14T00:00:00",
            "dayName": "Tuesday",
            "lengthSeconds": "7787",
            "venueId": "76e6502f-18dd-4aef-8c78-5a9daa89602b",
            "venue": "Euphoria Ballroom",
            "city": "San Rafael",
            "state": "CA",
            "country": "US"
        },
        {
            "showId": "a7247dc0-20f4-4529-88ab-22f7d4982ceb",
            "showDate": "1970-07-16T00:00:00",
            "dayName": "Thursday",
            "lengthSeconds": "2013",
            "venueId": "76e6502f-18dd-4aef-8c78-5a9daa89602b",
            "venue": "Euphoria Ballroom",
            "city": "San Rafael",
            "state": "CA",
            "country": "US"
        },
        {
            "showId": "587c820b-c979-448b-9183-7a167aa0ec5b",
            "showDate": "1970-07-30T00:00:00",
            "dayName": "Thursday",
            "lengthSeconds": "1723",
            "venueId": "7b89f172-b7d4-4483-aae0-e9607c6768a8",
            "venue": "The Matrix",
            "city": "San Francisco",
            "state": "CA",
            "country": "US"
        },
        {
            "showId": "a5c6a1fa-fe3d-448f-bdaf-0081ba0e8f0a",
            "showDate": "1970-08-05T00:00:00",
            "dayName": "Wednesday",
            "lengthSeconds": "3508",
            "venueId": "f8268e9d-8606-417d-9c3f-688e1d065715",
            "venue": "Golden Hall",
            "city": "San Diego",
            "state": "CA",
            "country": "US"
        },
        {
            "showId": "4f9b72f3-bb2e-4248-9015-951fe46f1efb",
            "showDate": "1970-08-17T00:00:00",
            "dayName": "Monday",
            "lengthSeconds": "663",
            "venueId": "fd6050d9-e9d6-413c-b1c3-7331b07a0efb",
            "venue": "Fillmore West",
            "city": "San Francisco",
            "state": "CA",
            "country": "US"
        },
        {
            "showId": "5e09437a-381c-404a-923f-ce2c50a01fc3",
            "showDate": "1970-08-18T00:00:00",
            "dayName": "Tuesday",
            "lengthSeconds": "7432",
            "venueId": "fd6050d9-e9d6-413c-b1c3-7331b07a0efb",
            "venue": "Fillmore West",
            "city": "San Francisco",
            "state": "CA",
            "country": "US"
        },
        {
            "showId": "f2b9953c-5907-4900-9764-5519becc5705",
            "showDate": "1970-08-19T00:00:00",
            "dayName": "Wednesday",
            "lengthSeconds": "8584",
            "venueId": "fd6050d9-e9d6-413c-b1c3-7331b07a0efb",
            "venue": "Fillmore West",
            "city": "San Francisco",
            "state": "CA",
            "country": "US"
        },
        {
            "showId": "738601e1-2810-43df-adeb-ef3c6be6e2c7",
            "showDate": "1970-08-28T00:00:00",
            "dayName": "Friday",
            "lengthSeconds": "",
            "venueId": "a3a83885-ec2b-4afe-aa42-4d4b14fbd4f7",
            "venue": "The Club",
            "city": "Los Angeles",
            "state": "CA",
            "country": "US"
        },
        {
            "showId": "fdd35184-d866-4eaa-b371-10bd142b772d",
            "showDate": "1970-08-29T00:00:00",
            "dayName": "Saturday",
            "lengthSeconds": "",
            "venueId": "a3a83885-ec2b-4afe-aa42-4d4b14fbd4f7",
            "venue": "The Club",
            "city": "Los Angeles",
            "state": "CA",
            "country": "US"
        },
        {
            "showId": "7a0e3f6a-7a77-4996-aa1a-d26c58bccbb3",
            "showDate": "1970-08-30T00:00:00",
            "dayName": "Sunday",
            "lengthSeconds": "1798",
            "venueId": "826d9a47-3502-4d35-9d62-725ad671b82e",
            "venue": "KQED Studios",
            "city": "San Francisco",
            "state": "CA",
            "country": "US"
        },
        {
            "showId": "6b252e48-0ac7-4d7b-ae77-44d644789cd3",
            "showDate": "1970-09-17T00:00:00",
            "dayName": "Thursday",
            "lengthSeconds": "5297",
            "venueId": "7870c5c4-ab10-48d5-92ce-3313dc98f925",
            "venue": "Fillmore East",
            "city": "New York",
            "state": "NY",
            "country": "US"
        },
        {
            "showId": "072d3d60-6d76-40a7-909b-384d256121f3",
            "showDate": "1970-09-18T00:00:00",
            "dayName": "Friday",
            "lengthSeconds": "7995",
            "venueId": "7870c5c4-ab10-48d5-92ce-3313dc98f925",
            "venue": "Fillmore East",
            "city": "New York",
            "state": "NY",
            "country": "US"
        },
        {
            "showId": "e40d1090-382a-41ec-ba5e-1c8fe2f5c296",
            "showDate": "1970-09-19T00:00:00",
            "dayName": "Saturday",
            "lengthSeconds": "6353",
            "venueId": "7870c5c4-ab10-48d5-92ce-3313dc98f925",
            "venue": "Fillmore East",
            "city": "New York",
            "state": "NY",
            "country": "US"
        },
        {
            "showId": "370e2271-a72f-45e1-af4e-67339e853160",
            "showDate": "1970-09-20T00:00:00",
            "dayName": "Sunday",
            "lengthSeconds": "10257",
            "venueId": "7870c5c4-ab10-48d5-92ce-3313dc98f925",
            "venue": "Fillmore East",
            "city": "New York",
            "state": "NY",
            "country": "US"
        },
        {
            "showId": "1648f187-1a86-41b5-97a6-96268f413e2c",
            "showDate": "1970-09-25T00:00:00",
            "dayName": "Friday",
            "lengthSeconds": "",
            "venueId": "f91c6c86-ec22-4d0c-be4c-0ffe337a07da",
            "venue": "Pasadena Civic Auditorium",
            "city": "Pasadena",
            "state": "CA",
            "country": "US"
        },
        {
            "showId": "5a84708d-805f-439b-a6de-0141bf1f5fa7",
            "showDate": "1970-09-26T00:00:00",
            "dayName": "Saturday",
            "lengthSeconds": "",
            "venueId": "98b53fbc-1c49-4fe7-b39f-d0d81e254221",
            "venue": "Terrace Ballroom",
            "city": "Salt Lake City",
            "state": "UT",
            "country": "US"
        },
        {
            "showId": "e49d0f20-10f3-42ee-b9e2-aa5cf52d9403",
            "showDate": "1970-10-04T00:00:00",
            "dayName": "Sunday",
            "lengthSeconds": "3803",
            "venueId": "6b378742-856e-4271-badc-c1b7527b0421",
            "venue": "Winterland Arena",
            "city": "San Francisco",
            "state": "CA",
            "country": "US"
        },
        {
            "showId": "0e223cae-998d-4163-9810-0819df10ff5f",
            "showDate": "1970-10-05T00:00:00",
            "dayName": "Monday",
            "lengthSeconds": "",
            "venueId": "6b378742-856e-4271-badc-c1b7527b0421",
            "venue": "Winterland Arena",
            "city": "San Francisco",
            "state": "CA",
            "country": "US"
        },
        {
            "showId": "6d298817-60ea-4153-a6a3-5ff042892ea2",
            "showDate": "1970-10-10T00:00:00",
            "dayName": "Saturday",
            "lengthSeconds": "5302",
            "venueId": "e384b057-22ae-473f-9c01-9dea6c7c67b8",
            "venue": "Colden Auditorium",
            "city": "Queens",
            "state": "NY",
            "country": "US"
        },
        {
            "showId": "9ec77685-9a5d-4fc0-ac4c-3825151b7991",
            "showDate": "1970-10-11T00:00:00",
            "dayName": "Sunday",
            "lengthSeconds": "5480",
            "venueId": "d840a01c-f137-4f77-93d9-b94048e184d8",
            "venue": "Marion Shea Aud.",
            "city": "Wayne",
            "state": "NJ",
            "country": "US"
        },
        {
            "showId": "7c2f5269-9b36-4de2-adce-41993fe6442f",
            "showDate": "1970-10-16T00:00:00",
            "dayName": "Friday",
            "lengthSeconds": "",
            "venueId": "5ec88ea0-11a5-405b-b78d-4b2675a80c88",
            "venue": "Irvine Auditorium",
            "city": "Philadelphia",
            "state": "PA",
            "country": "US"
        },
        {
            "showId": "5e78c1a6-6cbd-491d-b3db-595afa047f19",
            "showDate": "1970-10-17T00:00:00",
            "dayName": "Saturday",
            "lengthSeconds": "9145",
            "venueId": "3306a121-4443-4b4a-beb9-c2f599fd67b4",
            "venue": "Cleveland Music Hall",
            "city": "Cleveland",
            "state": "OH",
            "country": "US"
        },
        {
            "showId": "8e68612c-282d-4ff7-9a44-5e830c0ba327",
            "showDate": "1970-10-18T00:00:00",
            "dayName": "Sunday",
            "lengthSeconds": "",
            "venueId": "c5ff4b17-ba78-49e8-abea-dac7f4a03b9c",
            "venue": "Tyrone Guthrie Theatre",
            "city": "Minneapolis",
            "state": "MN",
            "country": "US"
        },
        {
            "showId": "ba1ae3fa-d93a-4af8-9147-3fea2c03b71e",
            "showDate": "1970-10-23T00:00:00",
            "dayName": "Friday",
            "lengthSeconds": "5354",
            "venueId": "1b271207-bf98-4154-8905-c00a3dbd44a5",
            "venue": "McDonough Arena",
            "city": "Washington",
            "state": "DC",
            "country": "US"
        },
        {
            "showId": "805e74b3-ccbe-4d82-ab5f-fca798077180",
            "showDate": "1970-10-24T00:00:00",
            "dayName": "Saturday",
            "lengthSeconds": "6047",
            "venueId": "7a6483a9-bc66-4fb1-8efe-603930e61c0d",
            "venue": "Kiel Opera House",
            "city": "St. Louis",
            "state": "MO",
            "country": "US"
        },
        {
            "showId": "e0ae8d6c-ad35-4857-a013-6d3b5666690c",
            "showDate": "1970-10-30T00:00:00",
            "dayName": "Friday",
            "lengthSeconds": "6388",
            "venueId": "a83d5d92-2ef0-4bfc-9bbe-00b462736030",
            "venue": "SUNY Gym",
            "city": "Stony Brook",
            "state": "NY",
            "country": "US"
        },
        {
            "showId": "621c3f93-0795-4965-9978-608c1fbea2f9",
            "showDate": "1970-10-30T00:00:00",
            "dayName": "Friday",
            "lengthSeconds": "6388",
            "venueId": "a83d5d92-2ef0-4bfc-9bbe-00b462736030",
            "venue": "SUNY Gym",
            "city": "Stony Brook",
            "state": "NY",
            "country": "US"
        },
        {
            "showId": "d91b7424-dcb8-4977-8774-7c7f103e196f",
            "showDate": "1970-10-31T00:00:00",
            "dayName": "Saturday",
            "lengthSeconds": "5701",
            "venueId": "6d7cd41b-8cf1-4250-84d0-446717f96b0d",
            "venue": "University Gymnasium, State University of New York",
            "city": "Stony Brook",
            "state": "NY",
            "country": "US"
        },
        {
            "showId": "c6cff1a7-69d1-4110-8b66-0d27af09102c",
            "showDate": "1970-10-31T00:00:00",
            "dayName": "Saturday",
            "lengthSeconds": "4040",
            "venueId": "6d7cd41b-8cf1-4250-84d0-446717f96b0d",
            "venue": "University Gymnasium, State University of New York",
            "city": "Stony Brook",
            "state": "NY",
            "country": "US"
        },
        {
            "showId": "9f587572-e2eb-46a9-b8a7-7bdf99a584c0",
            "showDate": "1970-11-05T00:00:00",
            "dayName": "Thursday",
            "lengthSeconds": "6233",
            "venueId": "ffb54216-80c8-48ec-9d96-0c48b033eaa9",
            "venue": "Capitol Theater",
            "city": "Port Chester",
            "state": "NY",
            "country": "US"
        },
        {
            "showId": "5bd39ca4-e714-4486-a7b7-ded29fc56176",
            "showDate": "1970-11-06T00:00:00",
            "dayName": "Friday",
            "lengthSeconds": "7347",
            "venueId": "ffb54216-80c8-48ec-9d96-0c48b033eaa9",
            "venue": "Capitol Theater",
            "city": "Port Chester",
            "state": "NY",
            "country": "US"
        },
        {
            "showId": "1d16b4aa-4cd2-43a2-9a29-b0ebd301ba34",
            "showDate": "1970-11-06T00:00:00",
            "dayName": "Friday",
            "lengthSeconds": "2265",
            "venueId": "ffb54216-80c8-48ec-9d96-0c48b033eaa9",
            "venue": "Capitol Theater",
            "city": "Port Chester",
            "state": "NY",
            "country": "US"
        },
        {
            "showId": "d783a94f-bdb0-410e-8753-d2be53c3bf79",
            "showDate": "1970-11-07T00:00:00",
            "dayName": "Saturday",
            "lengthSeconds": "2797",
            "venueId": "ffb54216-80c8-48ec-9d96-0c48b033eaa9",
            "venue": "Capitol Theater",
            "city": "Port Chester",
            "state": "NY",
            "country": "US"
        },
        {
            "showId": "887df428-a0f3-42c5-b2db-1ea931f26b24",
            "showDate": "1970-11-07T00:00:00",
            "dayName": "Saturday",
            "lengthSeconds": "5525",
            "venueId": "ffb54216-80c8-48ec-9d96-0c48b033eaa9",
            "venue": "Capitol Theater",
            "city": "Port Chester",
            "state": "NY",
            "country": "US"
        },
        {
            "showId": "56ca50d1-3556-4b73-a5b3-d02b701d0947",
            "showDate": "1970-11-08T00:00:00",
            "dayName": "Sunday",
            "lengthSeconds": "9073",
            "venueId": "ffb54216-80c8-48ec-9d96-0c48b033eaa9",
            "venue": "Capitol Theater",
            "city": "Port Chester",
            "state": "NY",
            "country": "US"
        },
        {
            "showId": "12a58545-017b-4b84-82b8-d4cecb106b68",
            "showDate": "1970-11-09T00:00:00",
            "dayName": "Monday",
            "lengthSeconds": "1714",
            "venueId": "d9928ccc-f9fa-4ffa-b9f3-39f65e8c5b12",
            "venue": "Action House",
            "city": "Island Park",
            "state": "NY",
            "country": "US"
        },
        {
            "showId": "0d829310-8fd0-4d33-8681-06e8144b595c",
            "showDate": "1970-11-10T00:00:00",
            "dayName": "Tuesday",
            "lengthSeconds": "2424",
            "venueId": "d9928ccc-f9fa-4ffa-b9f3-39f65e8c5b12",
            "venue": "Action House",
            "city": "Island Park",
            "state": "NY",
            "country": "US"
        },
        {
            "showId": "3b52aaae-378b-49a0-9127-543a3835c59c",
            "showDate": "1970-11-11T00:00:00",
            "dayName": "Wednesday",
            "lengthSeconds": "7893",
            "venueId": "78c44a64-1ebf-4a2c-9400-578b8e84bd01",
            "venue": "46th Street Rock Palace",
            "city": "Brooklyn",
            "state": "NY",
            "country": "US"
        },
        {
            "showId": "f98a60c0-fc14-450f-a41d-0794699cff41",
            "showDate": "1970-11-12T00:00:00",
            "dayName": "Thursday",
            "lengthSeconds": "641",
            "venueId": "78c44a64-1ebf-4a2c-9400-578b8e84bd01",
            "venue": "46th Street Rock Palace",
            "city": "Brooklyn",
            "state": "NY",
            "country": "US"
        },
        {
            "showId": "d71b1e06-be59-49e2-8440-7e9243a5eee5",
            "showDate": "1970-11-13T00:00:00",
            "dayName": "Friday",
            "lengthSeconds": "",
            "venueId": "78c44a64-1ebf-4a2c-9400-578b8e84bd01",
            "venue": "46th Street Rock Palace",
            "city": "Brooklyn",
            "state": "NY",
            "country": "US"
        },
        {
            "showId": "c7a066bc-b3f5-4945-8552-2a9aff51e9d4",
            "showDate": "1970-11-14T00:00:00",
            "dayName": "Saturday",
            "lengthSeconds": "",
            "venueId": "78c44a64-1ebf-4a2c-9400-578b8e84bd01",
            "venue": "46th Street Rock Palace",
            "city": "Brooklyn",
            "state": "NY",
            "country": "US"
        },
        {
            "showId": "7606cece-d1a0-46bf-83de-da3f32f04477",
            "showDate": "1970-11-16T00:00:00",
            "dayName": "Monday",
            "lengthSeconds": "5773",
            "venueId": "7870c5c4-ab10-48d5-92ce-3313dc98f925",
            "venue": "Fillmore East",
            "city": "New York",
            "state": "NY",
            "country": "US"
        },
        {
            "showId": "7404bb9d-78e7-4bf1-ae4f-4674288e5235",
            "showDate": "1970-11-20T00:00:00",
            "dayName": "Friday",
            "lengthSeconds": "11612",
            "venueId": "b056581e-1f54-482c-be31-9a73bb3c5b3b",
            "venue": "The Palestra",
            "city": "Rochester",
            "state": "NY",
            "country": "US"
        },
        {
            "showId": "8a3ac83a-8298-4c37-823b-f1a2fb4b5c10",
            "showDate": "1970-11-21T00:00:00",
            "dayName": "Saturday",
            "lengthSeconds": "1427",
            "venueId": "5f7d9453-963b-4219-bb95-8e2f8d6c3753",
            "venue": "Sargent Gym",
            "city": "Boston",
            "state": "MA",
            "country": "US"
        },
        {
            "showId": "1084ca67-187a-43e7-a07e-ff060efb3c5f",
            "showDate": "1970-11-22T00:00:00",
            "dayName": "Sunday",
            "lengthSeconds": "",
            "venueId": "b46aff52-1f16-4989-8630-ec0111556757",
            "venue": "Middlesex County Community College",
            "city": "Edison",
            "state": "NJ",
            "country": "US"
        },
        {
            "showId": "83b1bddf-c712-42c2-938f-1703cea665bd",
            "showDate": "1970-11-23T00:00:00",
            "dayName": "Monday",
            "lengthSeconds": "3216",
            "venueId": "f12e8ed9-e9a0-4818-8051-6c36a720049b",
            "venue": "Anderson Theater",
            "city": "New York",
            "state": "NY",
            "country": "US"
        },
        {
            "showId": "63ac3285-dee1-4578-a936-2c9d73c8e5f3",
            "showDate": "1970-11-27T00:00:00",
            "dayName": "Friday",
            "lengthSeconds": "",
            "venueId": "a7e348ae-f6ba-4bd5-a23c-e852171fc939",
            "venue": "The Syndrome",
            "city": "Chicago",
            "state": "IL",
            "country": "US"
        },
        {
            "showId": "922c099d-3bcc-4ad8-8d9a-d6ffda650a04",
            "showDate": "1970-11-29T00:00:00",
            "dayName": "Sunday",
            "lengthSeconds": "8424",
            "venueId": "a197183e-b30f-4834-bde1-f97e9cfd20a2",
            "venue": "Club Agora",
            "city": "Columbus",
            "state": "OH",
            "country": "US"
        },
        {
            "showId": "33654a81-21ef-4f3b-a431-a8bd760f9a0c",
            "showDate": "1970-12-12T00:00:00",
            "dayName": "Saturday",
            "lengthSeconds": "6059",
            "venueId": "2e89dc24-d754-4d48-81bf-9bb570ca72da",
            "venue": "Santa Rosa Fairgrounds",
            "city": "Santa Rosa",
            "state": "CA",
            "country": "US"
        },
        {
            "showId": "67c3ec48-c77e-47b8-96e3-ab6331adb5d6",
            "showDate": "1970-12-22T00:00:00",
            "dayName": "Tuesday",
            "lengthSeconds": "",
            "venueId": "c1164275-320a-4529-a64a-f564695dd942",
            "venue": "Sacramento Memorial Auditorium",
            "city": "Sacramento",
            "state": "CA",
            "country": "US"
        },
        {
            "showId": "057da9a9-cd4d-4779-930a-f33190699941",
            "showDate": "1970-12-23T00:00:00",
            "dayName": "Wednesday",
            "lengthSeconds": "1592",
            "venueId": "6b378742-856e-4271-badc-c1b7527b0421",
            "venue": "Winterland Arena",
            "city": "San Francisco",
            "state": "CA",
            "country": "US"
        },
        {
            "showId": "4739887f-011e-43d9-a55d-e59da4dc5cf0",
            "showDate": "1970-12-26T00:00:00",
            "dayName": "Saturday",
            "lengthSeconds": "6525",
            "venueId": "64080b96-af76-429e-88fc-49e927d6ce29",
            "venue": "Legion Stadium",
            "city": "El Monte",
            "state": "CA",
            "country": "US"
        },
        {
            "showId": "d8add218-85c8-4fd9-9ae7-de2130c156da",
            "showDate": "1970-12-27T00:00:00",
            "dayName": "Sunday",
            "lengthSeconds": "7485",
            "venueId": "64080b96-af76-429e-88fc-49e927d6ce29",
            "venue": "Legion Stadium",
            "city": "El Monte",
            "state": "CA",
            "country": "US"
        },
        {
            "showId": "3b5fd5bc-51e1-45a0-9ecf-f8caab411636",
            "showDate": "1970-12-28T00:00:00",
            "dayName": "Monday",
            "lengthSeconds": "8469",
            "venueId": "64080b96-af76-429e-88fc-49e927d6ce29",
            "venue": "Legion Stadium",
            "city": "El Monte",
            "state": "CA",
            "country": "US"
        },
        {
            "showId": "f67409e1-350a-4203-90fe-f8fb4bdc595b",
            "showDate": "1970-12-31T00:00:00",
            "dayName": "Thursday",
            "lengthSeconds": "9234",
            "venueId": "6b378742-856e-4271-badc-c1b7527b0421",
            "venue": "Winterland Arena",
            "city": "San Francisco",
            "state": "CA",
            "country": "US"
        }
    ]
}